<?xml version="1.0" encoding="UTF-8"?>
<catalog xmlns="urn:oasis:names:tc:entity:xmlns:xml:catalog">
   <nextCatalog catalog="base/catalog.xml"/>
   <nextCatalog catalog="bookmap/catalog.xml"/>
   <nextCatalog catalog="com.spec.orlando/catalog.xml"/>
   <nextCatalog catalog="ditaval/catalog.xml"/>
   <nextCatalog catalog="learning/catalog.xml"/>
   <nextCatalog catalog="machineryIndustry/catalog.xml"/>
   <nextCatalog catalog="subjectScheme/catalog.xml"/>
   <nextCatalog catalog="technicalContent/catalog.xml"/>
   <nextCatalog catalog="xnal/catalog.xml"/>
</catalog>
